measure,ONS_ID,value_old,value,Name,Name_FR,value_diff,value_diff_pct
transit_numS,0,10.12948366,9.838368604313867,Ottawa,Ottawa,-0.2911150556861326,-0.028739377588978963
transit_numS,3,13.50170788,14.166552807760622,Beacon Hill South - Cardinal Heights,Beacon Hill Sud - Cardinal Heights,0.6648449277606225,0.049241542897358444
transit_numS,5,0,0,Beechwood Cemetery,Cimetière Beechwood,0,NA
transit_numS,6,6.601299229,6.582013804303695,Bells Corners East,Bells Corners Est,-0.019285424696305675,-0.0029214589472907645
transit_numS,7,13.20455591,10.835250805338243,Bells Corners West,Bells Corners Ouest,-2.3693051046617573,-0.17943088134205623
transit_numS,11,9.2536285,9.659727312710746,Braemar Park - Bel Air Heights - Copeland Park,Parc Braemar - Hauteurs Bel Air - Parc Copeland,0.40609881271074677,0.04388535942530509
transit_numS,12,5.259107807,4.429368029739777,Briar Green - Leslie Park,Briar Green - Parc Leslie,-0.8297397772602233,-0.1577719658372128
transit_numS,13,9.284631148,8.408483606557377,Bridlewood - Emerald Meadows, ,-0.8761475414426236,-0.0943653579206918
transit_numS,16,6.930895569,8.153703129841958,Carleton Heights - Rideauview,Hauteurs Carleton - Rideauview,1.2228075608419582,0.17642850749493932
transit_numS,17,4,3,Carleton University,Université Carleton,-1,-0.25
transit_numS,18,17.13568682,17.988857114682972,Carlington, ,0.8531702946829718,0.04978909241543735
transit_numS,23,8.922567288,8.770876466528641,Centrepointe, ,-0.15169082147135882,-0.017000804429389785
transit_numS,24,19.91946051,19.769608697167147,Centretown,Centre-Ville,-0.14985181283285343,-0.007522885108139579
transit_numS,28,10.92426244,12.906296785557023,Civic Hospital-Central Park,Hôpital Civique - Parc Central,1.9820343455570235,0.1814341569001178
transit_numS,29,0,0,Constance Bay,Baie Constance,0,NA
transit_numS,30,0,0,Corkery, ,0,NA
transit_numS,31,7.932633225,6.42241090380963,Cityview - Crestview - Meadowlands, ,-1.51022232119037,-0.19038095905289634
transit_numS,32,6.217465268,6.348813730439172,Crystal Bay - Lakeview Park,Baie Crystal - Parc Lakeview,0.1313484624391723,0.021125725159285652
transit_numS,35,0.057420832,0.06577323223417386,Dunrobin, ,0.008352400234173864,0.1454594080798736
transit_numS,38,14.35733869,13.014988119173825,Emerald Woods - Sawmill Creek, ,-1.3423505708261754,-0.09349577939267624
transit_numS,45,12.68154415,12.463827304550758,Greenboro East,Greenboro Est,-0.2177168454492424,-0.01716800752921263
transit_numS,46,11.10233559,10.840964966195452,Hawthorne Meadows - Sheffield Glen, ,-0.261370623804547,-0.023541949501145194
transit_numS,47,17.0580058,15.827082708270828,Hintonburg - Mechanicsville, ,-1.2309230917291725,-0.07216101965032586
transit_numS,48,3.110903659,4.581777445855116,Hunt Club - Ottawa Airport,Hunt Club - Aéroport d'Ottawa,1.4708737868551163,0.47281238768028216
transit_numS,49,13.52736904,12.341769668432411,Hunt Club East - Western Community,Hunt Club Est - Communauté de l'Ouest,-1.185599371567589,-0.08764449081427507
transit_numS,50,10.31228847,9.62119239781307,Hunt Club Park,Parc Hunt Club,-0.6910960721869301,-0.06701675134451801
transit_numS,51,6.218088986,7.454248366013072,Hunt Club South Industrial,Hunt Club Sud Industriel,1.2361593800130724,0.19880052903653836
transit_numS,52,6.513246932,5.664066980158275,Hunt Club Upper -Blossom Park - Timbermill,Hunt Club Supérieur - Parc Blossom - Timbermill,-0.8491799518417258,-0.13037736181468113
transit_numS,54,10.57508862,10.517241379310345,Iris - Queensway Terrance South,Iris - Queensway Terrance Sud,-0.05784724068965552,-0.005470142404315427
transit_numS,55,14.91005196,14.13456369826196,Island Park - Wellington Village,Island Park - Village Wellington,-0.7754882617380403,-0.05201110390617581
transit_numS,60,17.70081301,15.133870967741936,Lebreton Development,Développement Lebreton,-2.5669420422580647,-0.14501831304629237
transit_numS,64,1.664400442,1.7679102574997876,Manotick, ,0.10350981549978755,0.06219045182144187
transit_numS,65,8.041212534,10.574208443271768,Merivale Gardens - Grenfell Glen - Pineglen - Country Place,Merivale Gardens - Grenfell Glen - Pineglen - Country Place,2.5329959092717687,0.3150017361886295
transit_numS,66,1.04590638,0.9678293873124887,Metcalfe, ,-0.07807699268751123,-0.07465007784684441
transit_numS,67,1.055238095,1.3539246245395296,Munster - Ashton, ,0.29868652953952957,0.2830513141581849
transit_numS,70,0.510612974,0.39748378218989583,North Gower - Kars, ,-0.11312919181010422,-0.22155565481206166
transit_numS,71,2,0,Notre-Dame Cemetery,Cimetière Notre-Dame,-2,-1
transit_numS,75,6.276969344,6.51523088863019,Chapel Hill South,Chapel Hill Sud,0.23826154463018945,0.037958054528008454
transit_numS,76,6.241446453,8.149425287356323,Chatelaine Village,Village Chatelaine,1.9079788343563227,0.30569497771453885
transit_numS,77,9,13,Orléans Industrial,Orléans Industriel,4,0.4444444444444444
transit_numS,81,0.155677656,0.10686728395061729,Osgoode - Vernon, ,-0.04881037204938271,-0.31353485980918616
transit_numS,82,9.655080214,9.205213903743315,Old Ottawa East,Vieil Ottawa-Est,-0.44986631025668444,-0.046593741355392584
transit_numS,83,13.17633136,12.923282923755513,Old Ottawa South,Vieil Ottawa-Sud,-0.25304843624448736,-0.019204771747975177
transit_numS,85,0,0,Marlborough, ,0,NA
transit_numS,86,8.288766591,7.699255422466818,Pineview, ,-0.589511168533182,-0.07112169971986873
transit_numS,87,8.348934742,6.569703069954706,Playfair Park - Lynda Park - Guildwood Estates,Parc Playfair - Parc Lynda - Domaines Guildwood,-1.7792316720452952,-0.2131088249013044
transit_numS,88,10.47804436,10.430511543684926,Qualicum - Redwood Park,Qualicum - Parc Redwood,-0.047532816315074555,-0.004536420603116683
transit_numS,90,11.37424111,8.631613183000868,Riverside Park,Parc Riverside,-2.7426279269991323,-0.24112623431095284
transit_numS,93,8.680103312,8.215109307259478,Rothwell Heights - Beacon Hill North,Rothwell Heights - Beacon Hill Nord,-0.46499400474052166,-0.05357010026570542
transit_numS,97,11.2804151,10.472731287259881,South Keys - Greenboro West,South Keys - Greenboro Ouest,-0.8076838127401196,-0.07160054001382622
transit_numS,99,8.331785564,9.584634867032504,Tanglewood, ,1.2528493030325034,0.15036984490405247
transit_numS,100,8.379248658,7.961666240736008,Trend-Arlington, ,-0.4175824172639917,-0.04983530556350172
transit_numS,106,14.02821343,13.115509086382874,Whitehaven - Queensway Terrace North,Whitehaven - Terrasse Queensway Nord,-0.9127043436171256,-0.06506205142739446
transit_numS,108,9.601338432,9.183795411089866,Woodvale - Craig Henry - Manordale - Estates of Arlington Woods,Woodvale - Craig Henry - Manordale - Domaines des Bois d'Arlington,-0.4175430209101343,-0.04348800158095857
transit_numS,901,12.39589276,11.510430537061696,Bayshore - Belltown, ,-0.8854622229383047,-0.07143190410581647
transit_numS,902,9.930631451,9.687765634486945,Beaverbrook, ,-0.2428658165130546,-0.024456230976993752
transit_numS,903,12.42563267,13.86065828287533,Billings Bridge - Alta Vista, ,1.4350256128753287,0.11548913854020511
transit_numS,904,10.72303171,10.732949675523448,Blackburn Hamlet, ,0.009917965523447592,9.249217750795583e-4
transit_numS,905,10.70835112,8.888666132050254,Borden Farm - Fisher Glen, ,-1.8196849879497456,-0.16993138976841335
transit_numS,906,18.0663522,16.898662155928033,Britannia Village, ,-1.1676900440719677,-0.06463341526531115
transit_numS,907,8.196050157,8.87360501567398,Brookside - Briarbrook - Morgan's Grant, ,0.6775548586739806,0.08266846172180893
transit_numS,908,19.10105053,17.112889778222446,Byward Market,Marché By,-1.9881607517775528,-0.10408646103809627
transit_numS,909,12.49435077,9.703545976012515,Cardinal Creek, ,-2.790804793987485,-0.22336533088925636
transit_numS,910,14.64069404,12.483026188166829,Carlingwood West - Glabar Park - McKellar Heights, ,-2.157667851833171,-0.14737469726081176
transit_numS,911,0.141004415,0.16043956043956045,Carp, ,0.01943514543956046,0.13783359506551945
transit_numS,912,9.194300745,9.149758877685226,Carson Grove - Carson Meadows, ,-0.0445418673147735,-0.004844508413431662
transit_numS,913,9.35609263,7.875903501361119,Chapel Hill North, ,-1.4801891286388802,-0.15820590786934954
transit_numS,914,7.856519951,7.460633484162896,Chapman Mills, ,-0.39588646683710405,-0.050389545155640376
transit_numS,915,11.27674386,11.220456734076214,Convent Glen - Orléans Woods, ,-0.05628712592378626,-0.004991434284806595
transit_numS,916,0.805246987,1.2795698924731183,Cumberland, ,0.4743229054731183,0.5890402735193573
transit_numS,917,5.974597105,13.018301010652827,East Industrial,Industriel-Est,7.043703905652827,1.1789420745640098
transit_numS,918,0.060923774,0.7160633484162896,Edwards - Carlsbad Springs, ,0.6551395744162896,10.753430580585661
transit_numS,919,9.552401357,8.084002856632743,Elmvale - Canterbury, ,-1.4683985003672575,-0.15372035213859758
transit_numS,920,13.95988185,12.202148227712138,Fallingbrook, ,-1.7577336222878621,-0.12591321625604318
transit_numS,921,6.485154257,6.23808259195326,Findlay Creek, ,-0.2470716650467395,-0.03809803980839056
transit_numS,922,0,0,Fitzroy, ,0,NA
transit_numS,923,13.58843355,13.226120260436614,Glebe - Dows Lake,Glebe – Lac Dows,-0.36231328956338515,-0.0266633595572453
transit_numS,924,8.7859991140000009,8.697297297297297,Glen Cairn - Kanata South Business Park,Glen Cairn - Parc d'Affaires Kanata-Sud,-0.08870181670270405,-0.010095814437468204
transit_numS,925,0.342548683,0.4767315033630249,Greely, ,0.13418282036302487,0.39171897900137265
transit_numS,926,0.422447221,1.6845441248171624,Greenbelt,Ceinture de Verdure,1.2620969038171626,2.9875848178846525
transit_numS,927,6.4270763,6.6760634706279545,Hunt Club Woods - Quintarra - Revelstoke,Hunt Club Woods - Quintarra - Revelstoke,0.24898717062795406,0.03874034771112863
transit_numS,928,6.255358529,6.765543341142548,Kanata Lakes - Arcardia, ,0.5101848121425485,0.08155964358834412
transit_numS,929,12.73452699,12.215287940087803,Katimavik - Hazeldean, ,-0.5192390499121977,-0.04077411358269835
transit_numS,930,0,0,Kinburn, ,0,NA
transit_numS,931,14.68080265,13.267583781547373,Laurentian, ,-1.4132188684526277,-0.0962630519696161
transit_numS,932,10.05973813,11.162178247284631,Ledbury - Heron Gate - Ridgemont, ,1.1024401172846314,0.10958934547182209
transit_numS,933,13.82827705,13.756535012402214,Lindenlea - New Edinburgh, ,-0.07174203759778663,-0.005188067706365967
transit_numS,934,21.57687973,19.68864239962506,Lowertown,Basse-ville,-1.8882373303749418,-0.0875120663415285
transit_numS,935,14.71459044,14.77005119453925,Manor Park, ,0.055460754539248924,0.0037690994367389897
transit_numS,936,1.668957012,2.831381733021077,Navan - Sarsfield, ,1.1624247210210772,0.6964977004578937
transit_numS,937,11.4953691,10.76017223670696,Old Barrhaven East,Old Barrhaven Est,-0.735196863293039,-0.0639559162387434
transit_numS,938,9.819047079,9.980531072185652,Old Barrhaven West,Old Barrhaven Ouest,0.16148399318565154,0.01644599439094425
transit_numS,939,11.008478,9.765998176845944,Orléans Village - Chateauneuf, ,-1.2424798231540564,-0.11286572250533237
transit_numS,940,14.09132044,15.231334841628959,Overbrook - McArthur, ,1.1400144016289584,0.08090188612792332
transit_numS,941,13.07380167,8.810296728379406,Parkwood Hills - Stewart Farm, ,-4.263504941620594,-0.32611057206136995
transit_numS,942,9.367833958,9.15406418579135,Portobello South, ,-0.21376977220865,-0.022819551794691407
transit_numS,943,13.2705983,12.639517470881863,Queenswood Heights, ,-0.6310808291181367,-0.04755481364530013
transit_numS,944,3.154769921,3.180133517495396,Richmond, ,0.025363596495395768,0.008039761101613396
transit_numS,945,7.833429395,6.801856479828633,Rideau Crest - Davidson Heights, ,-1.0315729151713668,-0.13168854446174105
transit_numS,946,2.9000431780000002,3.6069853713165814,Riverside South - Leitrim,Riverside Sud - Leitrim,0.7069421933165811,0.24376954063288125
transit_numS,947,8.292722451,10.134060106069535,Riverview, ,1.8413376550695357,0.22204260011710547
transit_numS,948,4.398033126,4.944099378881988,Rockcliffe Park,Parc Rockcliffe,0.546066252881988,0.12416146882882483
transit_numS,949,21.46338384,19.3359375,Sandy Hill,Côte-de-Sable,-2.1274463399999988,-0.09911980123260931
transit_numS,950,9.364430403,8.36796134547482,Skyline - Fisher Heights, ,-0.9964690575251804,-0.10641000195868298
transit_numS,951,5.188707183,5.00392623821324,Stittsville, ,-0.18478094478675988,-0.03561213579216152
transit_numS,952,5.543951081,5.292752414703634,Stonebridge - Half Moon Bay - Heart's Desire, ,-0.2511986662963661,-0.04531040455195642
transit_numS,953,18.97253788,17.268922783603433,Vanier North,Vanier Nord,-1.7036150963965682,-0.08979373804241776
transit_numS,954,14.36517765,14.531475748194014,Vanier South,Vanier Sud,0.1662980981940141,0.011576473486494899
transit_numS,955,0.575095387,1.1883308714918759,Vars, ,0.6132354844918759,1.0663196025459964
transit_numS,956,7,1,Wateridge Village,Village des Riverains,-6,-0.8571428571428571
transit_numS,957,20.37181275,20.130876494023905,West Centretown,Centre-Ville Ouest,-0.24093625597609503,-0.01182694239991456
transit_numS,958,17.3683955,16.71761469374545,Westboro, ,-0.6507808062545486,-0.037469253061087227
transit_numR,0,5.415479537,4.762997421441745,Ottawa,Ottawa,-0.6524821155582554,-0.12048464242184345
transit_numR,3,8.596939473,9.099193878945211,Beacon Hill South - Cardinal Heights,Beacon Hill Sud - Cardinal Heights,0.5022544059452105,0.05842246621866038
transit_numR,5,0,NA,Beechwood Cemetery,Cimetière Beechwood,NA,NA
transit_numR,6,4.049939099,4.548924076329679,Bells Corners East,Bells Corners Est,0.4989849773296786,0.12320801995587702
transit_numR,7,4.94178555,4.4668660837551775,Bells Corners West,Bells Corners Ouest,-0.4749194662448222,-0.09610280766732628
transit_numR,11,2.139275766,2.1854566779064655,Braemar Park - Bel Air Heights - Copeland Park,Parc Braemar - Hauteurs Bel Air - Parc Copeland,0.04618091190646556,0.02158717106061284
transit_numR,12,2.604089219,2.133457249070632,Briar Green - Leslie Park,Briar Green - Parc Leslie,-0.47063196992936795,-0.1807280512877727
transit_numR,13,4.503401639,4.0823770491803275,Bridlewood - Emerald Meadows, ,-0.4210245898196723,-0.09349034875627096
transit_numR,16,2.911682677,2.8904555314533624,Carleton Heights - Rideauview,Hauteurs Carleton - Rideauview,-0.021227145546637516,-0.007290336173757961
transit_numR,17,4,4,Carleton University,Université Carleton,0,0
transit_numR,18,4.185386057,4.235775564539987,Carlington, ,0.050389507539986944,0.01203939298639159
transit_numR,23,6.092615597,4.659765355417529,Centrepointe, ,-1.4328502415824707,-0.2351781790218318
transit_numR,24,12.61214888,7.015993588626781,Centretown,Centre-Ville,-5.596155291373218,-0.4437114836352311
transit_numR,28,3.66111845,4.10885072655218,Civic Hospital-Central Park,Hôpital Civique - Parc Central,0.4477322765521796,0.12229385163765451
transit_numR,29,0,0,Constance Bay,Baie Constance,0,NA
transit_numR,30,0,0,Corkery, ,0,NA
transit_numR,31,4.12769523,3.461289241425539,Cityview - Crestview - Meadowlands, ,-0.6664059885744607,-0.16144747890567024
transit_numR,32,3.038559682,2.7814235234729936,Crystal Bay - Lakeview Park,Baie Crystal - Parc Lakeview,-0.2571361585270062,-0.08462435674712748
transit_numR,35,0.030141167,0.027861047434314935,Dunrobin, ,-0.0022801195656850654,-0.07564801872751195
transit_numR,38,10.34198501,6.801316029976238,Emerald Woods - Sawmill Creek, ,-3.540668980023762,-0.3423587422143983
transit_numR,45,4.654609102,4.6012252042007,Greenboro East,Greenboro Est,-0.05338389779929997,-0.011469039962209047
transit_numR,46,3.478948986,2.578826060233559,Hawthorne Meadows - Sheffield Glen, ,-0.9001229257664409,-0.2587341548808905
transit_numR,47,13.73147315,13.685468546854686,Hintonburg - Mechanicsville, ,-0.04600460314531318,-0.0033503035430188484
transit_numR,48,0.953323376,1.0522778192681106,Hunt Club - Ottawa Airport,Hunt Club - Aéroport d'Ottawa,0.09895444326811065,0.10379945122431432
transit_numR,49,5.124975476,4.453011575436531,Hunt Club East - Western Community,Hunt Club Est - Communauté de l'Ouest,-0.671963900563469,-0.13111553483723812
transit_numR,50,4.625097631,4.460687321010154,Hunt Club Park,Parc Hunt Club,-0.1644103099898464,-0.03554742474793964
transit_numR,51,2.345733042,2.082788671023965,Hunt Club South Industrial,Hunt Club Sud Industriel,-0.26294437097603485,-0.112094755143938
transit_numR,52,2.193141415,2.020988645486868,Hunt Club Upper -Blossom Park - Timbermill,Hunt Club Supérieur - Parc Blossom - Timbermill,-0.17215276951313196,-0.0784959730985391
transit_numR,54,8.080889462,10.339187882694167,Iris - Queensway Terrance South,Iris - Queensway Terrance Sud,2.2582984206941674,0.2794616151246356
transit_numR,55,14.10231141,14.814907722630354,Island Park - Wellington Village,Island Park - Village Wellington,0.7125963126303532,0.05053046212871519
transit_numR,60,10.62601626,9.116129032258064,Lebreton Development,Développement Lebreton,-1.5098872277419364,-0.14209344224567716
transit_numR,64,0.852978669,0.6619359224951135,Manotick, ,-0.1910427465048865,-0.22397130602205775
transit_numR,65,2.992166213,2.9943931398416885,Merivale Gardens - Grenfell Glen - Pineglen - Country Place,Merivale Gardens - Grenfell Glen - Pineglen - Country Place,0.00222692684168857,7.442523854501429e-4
transit_numR,66,0.233688776,0.22266401590457258,Metcalfe, ,-0.01102476009542741,-0.047177105739247875
transit_numR,67,0.262857143,0.27373193539246243,Munster - Ashton, ,0.010874792392462418,0.04137149277492686
transit_numR,70,0.178734378,0.1116571653233733,North Gower - Kars, ,-0.0670772126766267,-0.37528993262072224
transit_numR,71,3,NA,Notre-Dame Cemetery,Cimetière Notre-Dame,NA,NA
transit_numR,75,5.30878929,5.659099728366318,Chapel Hill South,Chapel Hill Sud,0.3503104383663178,0.0659868793485902
transit_numR,76,5.178303199,4.953103448275862,Chatelaine Village,Village Chatelaine,-0.2251997507241379,-0.04348910097956933
transit_numR,77,8,12,Orléans Industrial,Orléans Industriel,4,0.5
transit_numR,81,0.077838828,0.05343364197530864,Osgoode - Vernon, ,-0.024405186024691355,-0.31353485980918616
transit_numR,82,4.484090909,4.656951871657754,Old Ottawa East,Vieil Ottawa-Est,0.1728609626577544,0.038549834551927994
transit_numR,83,2.567202029,2.6146817895400125,Old Ottawa South,Vieil Ottawa-Sud,0.04747976054001235,0.018494750317140835
transit_numR,85,0,0,Marlborough, ,0,NA
transit_numR,86,2.798478472,2.337002266105536,Pineview, ,-0.46147620589446436,-0.16490253918753903
transit_numR,87,2.510317061,1.9936252306659956,Playfair Park - Lynda Park - Guildwood Estates,Parc Playfair - Parc Lynda - Domaines Guildwood,-0.5166918303340042,-0.205827318931648
transit_numR,88,5.754187415,5.61973743775464,Qualicum - Redwood Park,Qualicum - Parc Redwood,-0.13444997724535934,-0.02336558883968143
transit_numR,90,3.577406765,3.4473113616652213,Riverside Park,Parc Riverside,-0.13009540333477876,-0.03636584036447383
transit_numR,93,4.68425422,4.042892722073609,Rothwell Heights - Beacon Hill North,Rothwell Heights - Beacon Hill Nord,-0.6413614979263906,-0.1369185931856599
transit_numR,97,8.069551777,8.172665047471849,South Keys - Greenboro West,South Keys - Greenboro Ouest,0.10311327047184982,0.012778066653682718
transit_numR,99,4.590966653,3.829041789784719,Tanglewood, ,-0.7619248632152806,-0.16596175071700758
transit_numR,100,2.432660363,2.4431382570917455,Trend-Arlington, ,0.010477894091745377,0.0043071750792304814
transit_numR,106,9.950211601,8.309600862998922,Whitehaven - Queensway Terrace North,Whitehaven - Terrasse Queensway Nord,-1.6406107380010777,-0.16488199485488286
transit_numR,108,4.097872849,3.564173040152964,Woodvale - Craig Henry - Manordale - Estates of Arlington Woods,Woodvale - Craig Henry - Manordale - Domaines des Bois d'Arlington,-0.5336998088470359,-0.13023825494665464
transit_numR,901,13.43650884,16.061806480248556,Bayshore - Belltown, ,2.625297640248556,0.19538539895371781
transit_numR,902,6.915300546,7.267000607164541,Beaverbrook, ,0.3517000611645411,0.05085824669876049
transit_numR,903,6.714562956,9.15680794907623,Billings Bridge - Alta Vista, ,2.4422449930762298,0.3637235973629361
transit_numR,904,4.384841435,4.113750459164932,Blackburn Hamlet, ,-0.2710909758350679,-0.0618245790306595
transit_numR,905,4.795134443,4.435445068163593,Borden Farm - Fisher Glen, ,-0.3596893748364076,-0.07501132222924153
transit_numR,906,8.528459119,8.50023066277103,Britannia Village, ,-0.02822845622897141,-0.003309912826583534
transit_numR,907,4.743824451,4.836865203761755,Brookside - Briarbrook - Morgan's Grant, ,0.09304075276175539,0.01961302609799196
transit_numR,908,34.19843255,10.034350508587627,Byward Market,Marché By,-24.16408204141237,-0.7065844905635118
transit_numR,909,3.988353902,3.716235007822006,Cardinal Creek, ,-0.2721188941779942,-0.06822837212152548
transit_numR,910,8.753852786,5.243560728526781,Carlingwood West - Glabar Park - McKellar Heights, ,-3.510292057473219,-0.4009996676077549
transit_numR,911,0.071743929,0.09362637362637363,Carp, ,0.021882444626373634,0.3050076143219538
transit_numR,912,4.792108724,4.5744848750548,Carson Grove - Carson Meadows, ,-0.21762384894520004,-0.045412961491313616
transit_numR,913,7.398548061,5.894114333990426,Chapel Hill North, ,-1.504433727009574,-0.20334175227432832
transit_numR,914,4.026573427,4.003948992184286,Chapman Mills, ,-0.022624434815713634,-0.005618781136339535
transit_numR,915,6.305938344,7.081579309396066,Convent Glen - Orléans Woods, ,0.7756409653960654,0.12300167288094015
transit_numR,916,0.352871662,0.4576905095839177,Cumberland, ,0.10481884758391774,0.2970452401584963
transit_numR,917,9.620322316,9.660475279978147,East Industrial,Industriel-Est,0.04015296397814794,0.004173764938350111
transit_numR,918,0.060923774,0.17024886877828055,Edwards - Carlsbad Springs, ,0.10932509477828055,1.7944570337727361
transit_numR,919,3.461613998,3.225852526334583,Elmvale - Canterbury, ,-0.2357614716654166,-0.06810738337712738
transit_numR,920,5.340601504,4.506928034371644,Fallingbrook, ,-0.8336734696283568,-0.15610104386255977
transit_numR,921,1.869171886,2.1123356791926704,Findlay Creek, ,0.24316379319267045,0.13009172404847014
transit_numR,922,0,0,Fitzroy, ,0,NA
transit_numR,923,3.515511298,3.3950976637303714,Glebe - Dows Lake,Glebe – Lac Dows,-0.12041363426962848,-0.034252097081335704
transit_numR,924,4.526539654,4.321222862206469,Glen Cairn - Kanata South Business Park,Glen Cairn - Parc d'Affaires Kanata-Sud,-0.20531679179353102,-0.04535844320110998
transit_numR,925,0.188376551,0.2114161061625159,Greely, ,0.023039555162515907,0.12230585516196178
transit_numR,926,0.343171047,1.0409556313993173,Greenbelt,Ceinture de Verdure,0.6977845843993173,2.0333434026540047
transit_numR,927,1.820729237,1.8458811613774477,Hunt Club Woods - Quintarra - Revelstoke,Hunt Club Woods - Quintarra - Revelstoke,0.025151924377447843,0.01381420359838372
transit_numR,928,3.839453102,3.740493782663543,Kanata Lakes - Arcardia, ,-0.09895931933645663,-0.025774326891740904
transit_numR,929,5.492381854,6.4666437118016695,Katimavik - Hazeldean, ,0.97426185780167,0.17738421757622938
transit_numR,930,0,0,Kinburn, ,0,NA
transit_numR,931,5.026789408,4.671493587091436,Laurentian, ,-0.35529582090856415,-0.07068046661018272
transit_numR,932,5.542553191,5.822794227049546,Ledbury - Heron Gate - Ridgemont, ,0.28024103604954664,0.05056172243950715
transit_numR,933,4.121350887,4.227819118488838,Lindenlea - New Edinburgh, ,0.10646823148883744,0.02583333339189118
transit_numR,934,23.59732732,9.041712232463677,Lowertown,Basse-ville,-14.555615087536324,-0.6168332070047466
transit_numR,935,3.559300341,3.2545506257110355,Manor Park, ,-0.30474971528896466,-0.08562067993490652
transit_numR,936,0.750880902,0.988470545847595,Navan - Sarsfield, ,0.23758964384759496,0.3164145515151149
transit_numR,937,4.359490406,4.763451054752311,Old Barrhaven East,Old Barrhaven Est,0.4039606487523111,0.09266235525976545
transit_numR,938,3.086114101,3.441035367622448,Old Barrhaven West,Old Barrhaven Ouest,0.3549212666224477,0.11500587956467384
transit_numR,939,7.743540573,6.949680948040109,Orléans Village - Chateauneuf, ,-0.7938596249598904,-0.10251894691788689
transit_numR,940,4.868726861,5.448632250102838,Overbrook - McArthur, ,0.5799053891028381,0.11910821979931933
transit_numR,941,5.208470708,4.89297489221405,Parkwood Hills - Stewart Farm, ,-0.3154958157859502,-0.06057359894553336
transit_numR,942,4.801225199,4.739279509920453,Portobello South, ,-0.061945689079546895,-0.01290205864379137
transit_numR,943,6.431105578,6.642096505823627,Queenswood Heights, ,0.2109909278236266,0.03280787809570409
transit_numR,944,1.085746352,1.0407458563535912,Richmond, ,-0.045000495646408734,-0.041446600823033426
transit_numR,945,3.222334294,2.8274901820778293,Rideau Crest - Davidson Heights, ,-0.3948441119221706,-0.12253356601063149
transit_numR,946,1.974165227,2.3391894729474347,Riverside South - Leitrim,Riverside Sud - Leitrim,0.36502424594743466,0.1849005549054961
transit_numR,947,13.40601061,12.00103123158515,Riverview, ,-1.4049793784148488,-0.1048021980056339
transit_numR,948,1.5936853,1.5755693581780539,Rockcliffe Park,Parc Rockcliffe,-0.01811594182194609,-0.011367326925802786
transit_numR,949,17.34651199,9.983506944444445,Sandy Hill,Côte-de-Sable,-7.363005045555555,-0.42446602808681166
transit_numR,950,3.878461253,3.4350492473517935,Skyline - Fisher Heights, ,-0.4434120056482067,-0.11432678496020202
transit_numR,951,2.675923793,2.3570945837222026,Stittsville, ,-0.31882920927779734,-0.11914734272770724
transit_numR,952,2.455631992,2.1324438885414496,Stonebridge - Half Moon Bay - Heart's Desire, ,-0.3231881034585502,-0.1316109679754287
transit_numR,953,4.944970539,4.405147759771211,Vanier North,Vanier Nord,-0.5398227792287891,-0.10916602535269201
transit_numR,954,3.602093469,3.417514374170721,Vanier South,Vanier Sud,-0.18457909482927937,-0.0512421724804719
transit_numR,955,0.196323274,0.2621861152141802,Vars, ,0.06586284121418023,0.3354815752215921
transit_numR,956,7,2,Wateridge Village,Village des Riverains,-5,-0.7142857142857143
transit_numR,957,6.248605578,6.1846613545816735,West Centretown,Centre-Ville Ouest,-0.06394422341832673,-0.010233358886254658
transit_numR,958,17.71494457,14.626426086252932,Westboro, ,-3.088518483747068,-0.17434536538022416
transit_count,0,5829,5804,Ottawa,Ottawa,-25,-0.004288900325956425
transit_count,3,51,66,Beacon Hill South - Cardinal Heights,Beacon Hill Sud - Cardinal Heights,15,0.29411764705882354
transit_count,5,6,18,Beechwood Cemetery,Cimetière Beechwood,12,2
transit_count,6,39,45,Bells Corners East,Bells Corners Est,6,0.15384615384615385
transit_count,7,35,42,Bells Corners West,Bells Corners Ouest,7,0.2
transit_count,11,39,52,Braemar Park - Bel Air Heights - Copeland Park,Parc Braemar - Hauteurs Bel Air - Parc Copeland,13,0.3333333333333333
transit_count,12,16,29,Briar Green - Leslie Park,Briar Green - Parc Leslie,13,0.8125
transit_count,13,103,111,Bridlewood - Emerald Meadows, ,8,0.07766990291262135
transit_count,16,32,43,Carleton Heights - Rideauview,Hauteurs Carleton - Rideauview,11,0.34375
transit_count,17,9,12,Carleton University,Université Carleton,3,0.3333333333333333
transit_count,18,83,95,Carlington, ,12,0.14457831325301204
transit_count,23,42,50,Centrepointe, ,8,0.19047619047619047
transit_count,24,102,97,Centretown,Centre-Ville,-5,-0.049019607843137254
transit_count,28,95,131,Civic Hospital-Central Park,Hôpital Civique - Parc Central,36,0.37894736842105264
transit_count,29,0,0,Constance Bay,Baie Constance,0,NA
transit_count,30,0,0,Corkery, ,0,NA
transit_count,31,51,73,Cityview - Crestview - Meadowlands, ,22,0.43137254901960786
transit_count,32,45,52,Crystal Bay - Lakeview Park,Baie Crystal - Parc Lakeview,7,0.15555555555555556
transit_count,35,4,4,Dunrobin, ,0,0
transit_count,38,21,29,Emerald Woods - Sawmill Creek, ,8,0.38095238095238093
transit_count,45,43,60,Greenboro East,Greenboro Est,17,0.3953488372093023
transit_count,46,26,36,Hawthorne Meadows - Sheffield Glen, ,10,0.38461538461538464
transit_count,47,39,51,Hintonburg - Mechanicsville, ,12,0.3076923076923077
transit_count,48,49,65,Hunt Club - Ottawa Airport,Hunt Club - Aéroport d'Ottawa,16,0.32653061224489793
transit_count,49,63,75,Hunt Club East - Western Community,Hunt Club Est - Communauté de l'Ouest,12,0.19047619047619047
transit_count,50,32,38,Hunt Club Park,Parc Hunt Club,6,0.1875
transit_count,51,69,87,Hunt Club South Industrial,Hunt Club Sud Industriel,18,0.2608695652173913
transit_count,52,35,43,Hunt Club Upper -Blossom Park - Timbermill,Hunt Club Supérieur - Parc Blossom - Timbermill,8,0.22857142857142856
transit_count,54,39,60,Iris - Queensway Terrance South,Iris - Queensway Terrance Sud,21,0.5384615384615384
transit_count,55,51,57,Island Park - Wellington Village,Island Park - Village Wellington,6,0.11764705882352941
transit_count,60,15,22,Lebreton Development,Développement Lebreton,7,0.4666666666666667
transit_count,64,68,72,Manotick, ,4,0.058823529411764705
transit_count,65,76,87,Merivale Gardens - Grenfell Glen - Pineglen - Country Place,Merivale Gardens - Grenfell Glen - Pineglen - Country Place,11,0.14473684210526316
transit_count,66,12,12,Metcalfe, ,0,0
transit_count,67,22,22,Munster - Ashton, ,0,0
transit_count,70,18,20,North Gower - Kars, ,2,0.1111111111111111
transit_count,71,1,8,Notre-Dame Cemetery,Cimetière Notre-Dame,7,7
transit_count,75,69,84,Chapel Hill South,Chapel Hill Sud,15,0.21739130434782608
transit_count,76,28,31,Chatelaine Village,Village Chatelaine,3,0.10714285714285714
transit_count,77,17,25,Orléans Industrial,Orléans Industriel,8,0.47058823529411764
transit_count,81,3,4,Osgoode - Vernon, ,1,0.3333333333333333
transit_count,82,37,37,Old Ottawa East,Vieil Ottawa-Est,0,0
transit_count,83,31,35,Old Ottawa South,Vieil Ottawa-Sud,4,0.12903225806451613
transit_count,85,0,0,Marlborough, ,0,NA
transit_count,86,23,37,Pineview, ,14,0.6086956521739131
transit_count,87,31,41,Playfair Park - Lynda Park - Guildwood Estates,Parc Playfair - Parc Lynda - Domaines Guildwood,10,0.3225806451612903
transit_count,88,36,48,Qualicum - Redwood Park,Qualicum - Parc Redwood,12,0.3333333333333333
transit_count,90,48,59,Riverside Park,Parc Riverside,11,0.22916666666666666
transit_count,93,86,100,Rothwell Heights - Beacon Hill North,Rothwell Heights - Beacon Hill Nord,14,0.16279069767441862
transit_count,97,53,73,South Keys - Greenboro West,South Keys - Greenboro Ouest,20,0.37735849056603776
transit_count,99,29,41,Tanglewood, ,12,0.41379310344827586
transit_count,100,28,33,Trend-Arlington, ,5,0.17857142857142858
transit_count,106,76,95,Whitehaven - Queensway Terrace North,Whitehaven - Terrasse Queensway Nord,19,0.25
transit_count,108,51,60,Woodvale - Craig Henry - Manordale - Estates of Arlington Woods,Woodvale - Craig Henry - Manordale - Domaines des Bois d'Arlington,9,0.17647058823529413
transit_count,901,33,41,Bayshore - Belltown, ,8,0.24242424242424243
transit_count,902,48,50,Beaverbrook, ,2,0.041666666666666664
transit_count,903,124,141,Billings Bridge - Alta Vista, ,17,0.13709677419354838
transit_count,904,56,62,Blackburn Hamlet, ,6,0.10714285714285714
transit_count,905,44,65,Borden Farm - Fisher Glen, ,21,0.4772727272727273
transit_count,906,45,56,Britannia Village, ,11,0.24444444444444444
transit_count,907,116,121,Brookside - Briarbrook - Morgan's Grant, ,5,0.04310344827586207
transit_count,908,32,39,Byward Market,Marché By,7,0.21875
transit_count,909,75,99,Cardinal Creek, ,24,0.32
transit_count,910,59,88,Carlingwood West - Glabar Park - McKellar Heights, ,29,0.4915254237288136
transit_count,911,11,15,Carp, ,4,0.36363636363636365
transit_count,912,77,89,Carson Grove - Carson Meadows, ,12,0.15584415584415584
transit_count,913,54,72,Chapel Hill North, ,18,0.3333333333333333
transit_count,914,44,57,Chapman Mills, ,13,0.29545454545454547
transit_count,915,127,142,Convent Glen - Orléans Woods, ,15,0.11811023622047244
transit_count,916,61,65,Cumberland, ,4,0.06557377049180328
transit_count,917,184,228,East Industrial,Industriel-Est,44,0.2391304347826087
transit_count,918,29,33,Edwards - Carlsbad Springs, ,4,0.13793103448275862
transit_count,919,60,85,Elmvale - Canterbury, ,25,0.4166666666666667
transit_count,920,138,167,Fallingbrook, ,29,0.21014492753623187
transit_count,921,42,45,Findlay Creek, ,3,0.07142857142857142
transit_count,922,0,0,Fitzroy, ,0,NA
transit_count,923,52,60,Glebe - Dows Lake,Glebe – Lac Dows,8,0.15384615384615385
transit_count,924,74,94,Glen Cairn - Kanata South Business Park,Glen Cairn - Parc d'Affaires Kanata-Sud,20,0.2702702702702703
transit_count,925,18,21,Greely, ,3,0.16666666666666666
transit_count,926,125,213,Greenbelt,Ceinture de Verdure,88,0.704
transit_count,927,50,67,Hunt Club Woods - Quintarra - Revelstoke,Hunt Club Woods - Quintarra - Revelstoke,17,0.34
transit_count,928,103,103,Kanata Lakes - Arcardia, ,0,0
transit_count,929,95,105,Katimavik - Hazeldean, ,10,0.10526315789473684
transit_count,930,0,0,Kinburn, ,0,NA
transit_count,931,61,91,Laurentian, ,30,0.4918032786885246
transit_count,932,48,60,Ledbury - Heron Gate - Ridgemont, ,12,0.25
transit_count,933,28,32,Lindenlea - New Edinburgh, ,4,0.14285714285714285
transit_count,934,27,37,Lowertown,Basse-ville,10,0.37037037037037035
transit_count,935,37,53,Manor Park, ,16,0.43243243243243246
transit_count,936,90,100,Navan - Sarsfield, ,10,0.1111111111111111
transit_count,937,116,131,Old Barrhaven East,Old Barrhaven Est,15,0.12931034482758622
transit_count,938,103,110,Old Barrhaven West,Old Barrhaven Ouest,7,0.06796116504854369
transit_count,939,68,84,Orléans Village - Chateauneuf, ,16,0.23529411764705882
transit_count,940,136,158,Overbrook - McArthur, ,22,0.16176470588235295
transit_count,941,21,33,Parkwood Hills - Stewart Farm, ,12,0.5714285714285714
transit_count,942,110,137,Portobello South, ,27,0.24545454545454545
transit_count,943,108,132,Queenswood Heights, ,24,0.2222222222222222
transit_count,944,78,86,Richmond, ,8,0.10256410256410256
transit_count,945,50,57,Rideau Crest - Davidson Heights, ,7,0.14
transit_count,946,56,60,Riverside South - Leitrim,Riverside Sud - Leitrim,4,0.07142857142857142
transit_count,947,37,43,Riverview, ,6,0.16216216216216217
transit_count,948,7,22,Rockcliffe Park,Parc Rockcliffe,15,2.142857142857143
transit_count,949,64,73,Sandy Hill,Côte-de-Sable,9,0.140625
transit_count,950,28,47,Skyline - Fisher Heights, ,19,0.6785714285714286
transit_count,951,198,203,Stittsville, ,5,0.025252525252525252
transit_count,952,55,65,Stonebridge - Half Moon Bay - Heart's Desire, ,10,0.18181818181818182
transit_count,953,51,72,Vanier North,Vanier Nord,21,0.4117647058823529
transit_count,954,34,63,Vanier South,Vanier Sud,29,0.8529411764705882
transit_count,955,18,18,Vars, ,0,0
transit_count,956,11,30,Wateridge Village,Village des Riverains,19,1.7272727272727273
transit_count,957,53,73,West Centretown,Centre-Ville Ouest,20,0.37735849056603776
transit_count,958,83,97,Westboro, ,14,0.1686746987951807
transit_count1000,0,6.254694508,6.330335767378703,Ottawa,Ottawa,0.07564125937870259,0.012093517802021257
transit_count1000,3,6.96816505,9.09090909090909,Beacon Hill South - Cardinal Heights,Beacon Hill Sud - Cardinal Heights,2.1227440409090903,0.3046345810808673
transit_count1000,5,10.71428571,NA,Beechwood Cemetery,Cimetière Beechwood,NA,NA
transit_count1000,6,7.917174178,9.825327510917031,Bells Corners East,Bells Corners Est,1.9081533329170313,0.24101444404486502
transit_count1000,7,8.053382421,10.144927536231883,Bells Corners West,Bells Corners Ouest,2.0915451152318827,0.2597101448675739
transit_count1000,11,5.71763671,7.680945347119645,Braemar Park - Bel Air Heights - Copeland Park,Parc Braemar - Hauteurs Bel Air - Parc Copeland,1.9633086371196455,0.3433776465171124
transit_count1000,12,2.973977695,5.598455598455598,Briar Green - Leslie Park,Briar Green - Parc Leslie,2.6244779034555985,0.8824806950865846
transit_count1000,13,4.221311475,4.579207920792079,Bridlewood - Emerald Meadows, ,0.357896445792079,0.08478323571043261
transit_count1000,16,4.958165479,6.734534064212999,Carleton Heights - Rideauview,Hauteurs Carleton - Rideauview,1.7763685852129996,0.35827133901373354
transit_count1000,17,1800,NA,Carleton University,Université Carleton,NA,NA
transit_count1000,18,8.18459718,9.674134419551933,Carlington, ,1.4895372395519324,0.1819927366971446
transit_count1000,23,5.797101449,7.173601147776184,Centrepointe, ,1.3764996987761835,0.23744619805017034
transit_count1000,24,3.554750122,3.4661425763802036,Centretown,Centre-Ville,-0.08860754561979656,-0.02492651876468423
transit_count1000,28,8.366358432,11.996336996336996,Civic Hospital-Central Park,Hôpital Civique - Parc Central,3.629978564336996,0.4338779642111556
transit_count1000,29,0,0,Constance Bay,Baie Constance,0,NA
transit_count1000,30,0,0,Corkery, ,0,NA
transit_count1000,31,5.697687409,8.444187391555813,Cityview - Crestview - Meadowlands, ,2.7464999825558127,0.48203767342825327
transit_count1000,32,12.75871846,13.559322033898304,Crystal Bay - Lakeview Park,Baie Crystal - Parc Lakeview,0.8006035738983037,0.0627495289913548
transit_count1000,35,0.763067531,0.6779661016949153,Dunrobin, ,-0.08510142930508469,-0.11152542317396111
transit_count1000,38,3.838420764,5.16934046345811,Emerald Woods - Sawmill Creek, ,1.3309196994581103,0.3467362702756863
transit_count1000,45,4.181252431,5.633802816901409,Greenboro East,Greenboro Est,1.452550385901409,0.347396003917901
transit_count1000,46,3.995082975,5.421686746987952,Hawthorne Meadows - Sheffield Glen, ,1.4266037719879519,0.357089897985899
transit_count1000,47,3.900390039,5.214723926380368,Hintonburg - Mechanicsville, ,1.3143338873803683,0.3369749882033191
transit_count1000,48,18.29723674,32.25806451612903,Hunt Club - Ottawa Airport,Hunt Club - Aéroport d'Ottawa,13.960827776129033,0.7630019753534125
transit_count1000,49,6.180105945,7.139457401237506,Hunt Club East - Western Community,Hunt Club Est - Communauté de l'Ouest,0.9593514562375054,0.15523220229155882
transit_count1000,50,4.16558188,4.308390022675737,Hunt Club Park,Parc Hunt Club,0.1428081426757366,0.03428287974877992
transit_count1000,51,50.32822757,105.45454545454545,Hunt Club South Industrial,Hunt Club Sud Industriel,55.12631788454545,1.0953359684259083
transit_count1000,52,4.014221814,5.140466228332337,Hunt Club Upper -Blossom Park - Timbermill,Hunt Club Supérieur - Parc Blossom - Timbermill,1.1262444143323371,0.28056357284603634
transit_count1000,54,6.284241057,10.195412064570943,Iris - Queensway Terrance South,Iris - Queensway Terrance Sud,3.9111710075709434,0.622377622388355
transit_count1000,55,9.138147285,9.895833333333332,Island Park - Wellington Village,Island Park - Village Wellington,0.7576860483333316,0.08291462423428554
transit_count1000,60,24.3902439,37.28813559322034,Lebreton Development,Développement Lebreton,12.897891693220338,0.5288135594749152
transit_count1000,64,5.77887312,7.899067471201317,Manotick, ,2.1201943512013166,0.36688716072750815
transit_count1000,65,25.88555858,29.292929292929294,Merivale Gardens - Grenfell Glen - Pineglen - Country Place,Merivale Gardens - Grenfell Glen - Pineglen - Country Place,3.4073707129292927,0.13163211071527484
transit_count1000,66,2.16880535,2.2966507177033493,Metcalfe, ,0.1278453677033493,0.058947368284271946
transit_count1000,67,5.986394558,6.102635228848821,Munster - Ashton, ,0.11624067084882128,0.019417475698036223
transit_count1000,70,3.570720095,3.8095238095238093,North Gower - Kars, ,0.23880371452380933,0.0668783069438013
transit_count1000,71,2.34741784,NA,Notre-Dame Cemetery,Cimetière Notre-Dame,NA,NA
transit_count1000,75,6.693830035,8.35405271009448,Chapel Hill South,Chapel Hill Sud,1.66022267509448,0.2480228309373977
transit_count1000,76,7.788595271,7.363420427553444,Chatelaine Village,Village Chatelaine,-0.4251748434465563,-0.054589412936842316
transit_count1000,77,128.7878788,147.05882352941177,Orléans Industrial,Orléans Industriel,18.27094472941178,0.1418685120032568
transit_count1000,81,0.549450549,0.746268656716418,Osgoode - Vernon, ,0.19681810771641794,0.358208956337612
transit_count1000,82,4.946524064,5.034013605442177,Old Ottawa East,Vieil Ottawa-Est,0.08748954144217702,0.017687074865138475
transit_count1000,83,5.240912933,5.636070853462158,Old Ottawa South,Vieil Ottawa-Sud,0.39515792046215825,0.0753986806332923
transit_count1000,85,0,0,Marlborough, ,0,NA
transit_count1000,86,3.722887666,6.030969845150775,Pineview, ,2.308082179150775,0.6199709435849453
transit_count1000,87,5.20046972,6.88497061293031,Playfair Park - Lynda Park - Guildwood Estates,Parc Playfair - Parc Lynda - Domaines Guildwood,1.68450089293031,0.3239132200793412
transit_count1000,88,8.148483477,11.214953271028037,Qualicum - Redwood Park,Qualicum - Parc Redwood,3.0664697940280377,0.3763239874859524
transit_count1000,90,10.40763226,13.24354657687991,Riverside Park,Parc Riverside,2.8359143168799097,0.27248410070936824
transit_count1000,93,7.932847523,9.70402717127608,Rothwell Heights - Beacon Hill North,Rothwell Heights - Beacon Hill Nord,1.771179648276079,0.22327161125192838
transit_count1000,97,11.70236255,17.257683215130026,South Keys - Greenboro West,South Keys - Greenboro Ouest,5.555320665130026,0.4747178735399909
transit_count1000,99,6.120726045,8.677248677248677,Tanglewood, ,2.5565226322486776,0.41768290452030477
transit_count1000,100,7.155635063,6.748466257668712,Trend-Arlington, ,-0.4071688053312883,-0.05690184054196062
transit_count1000,106,6.306530578,8.293321693583588,Whitehaven - Queensway Terrace North,Whitehaven - Terrasse Queensway Nord,1.9867911155835873,0.315037101780558
transit_count1000,108,6.094646272,7.303712720632989,Woodvale - Craig Henry - Manordale - Estates of Arlington Woods,Woodvale - Craig Henry - Manordale - Domaines des Bois d'Arlington,1.2090664486329885,0.19838172630094658
transit_count1000,901,3.76497433,4.451682953311618,Bayshore - Belltown, ,0.6867086233116182,0.18239397220846873
transit_count1000,902,7.285974499,7.6452599388379205,Beaverbrook, ,0.3592854398379206,0.049311926618358676
transit_count1000,903,9.625834498,11.15065243179122,Billings Bridge - Alta Vista, ,1.5248179337912209,0.15840890824666046
transit_count1000,904,6.856862985,7.649599012954966,Blackburn Hamlet, ,0.792736027954966,0.11561205608003934
transit_count1000,905,6.259780908,8.947006194081212,Borden Farm - Fisher Glen, ,2.687225286081212,0.4292842394287215
transit_count1000,906,7.075471698,8.784313725490195,Britannia Village, ,1.7088420274901948,0.24151633988914512
transit_count1000,907,7.272727273,7.665505226480836,Brookside - Briarbrook - Morgan's Grant, ,0.3927779534808362,0.05400696860158972
transit_count1000,908,5.336001334,7.624633431085044,Byward Market,Marché By,2.2886320970850447,0.428903958944371
transit_count1000,909,6.518338258,8.741721854304636,Cardinal Creek, ,2.223383596304636,0.3410966888034481
transit_count1000,910,6.358443798,9.696969696969697,Carlingwood West - Glabar Park - McKellar Heights, ,3.3385258989696975,0.5250539290792828
transit_count1000,911,1.517660044,2.2539444027047333,Carp, ,0.7362843587047332,0.4851444574927039
transit_count1000,912,6.751424814,7.96420581655481,Carson Grove - Carson Meadows, ,1.2127810025548103,0.17963334199322542
transit_count1000,913,4.962323102,6.789250353606789,Chapel Hill North, ,1.8269272516067891,0.36815967321242543
transit_count1000,914,3.619909502,4.7420965058236275,Chapman Mills, ,1.1221870038236275,0.3100041598287524
transit_count1000,915,9.02116778,9.60432871153196,Convent Glen - Orléans Woods, ,0.5831609315319586,0.06464361884775394
transit_count1000,916,14.41739541,15.439429928741092,Cumberland, ,1.0220345187410924,0.07088898443003114
transit_count1000,917,50.25949194,129.17847025495752,East Industrial,Industriel-Est,78.91897831495751,1.5702303240385187
transit_count1000,918,8.21762539,9.282700421940929,Edwards - Carlsbad Springs, ,1.0650750319409283,0.12960861336378443
transit_count1000,919,5.356186395,7.30554361839278,Elmvale - Canterbury, ,1.9493572233927798,0.3639449936269031
transit_count1000,920,7.411385607,8.882978723404255,Fallingbrook, ,1.4715931164042555,0.19855843352885952
transit_count1000,921,4.871259569,5.151688609044076,Findlay Creek, ,0.28042904004407543,0.05756807578653492
transit_count1000,922,0,0,Fitzroy, ,0,NA
transit_count1000,923,3.983148219,4.733727810650888,Glebe - Dows Lake,Glebe – Lac Dows,0.750579591650888,0.18843878017658272
transit_count1000,924,6.557377049,8.476104598737601,Glen Cairn - Kanata South Business Park,Glen Cairn - Parc d'Affaires Kanata-Sud,1.9187275497376008,0.2926059513430308
transit_count1000,925,1.816163858,2.1341463414634148,Greely, ,0.31798248346341484,0.1750846885663633
transit_count1000,926,26.92804826,130.67484662576686,Greenbelt,Ceinture de Verdure,103.74679836576686,3.8527411034046795
transit_count1000,927,8.440243079,11.09271523178808,Hunt Club Woods - Quintarra - Revelstoke,Hunt Club Woods - Quintarra - Revelstoke,2.6524721527880804,0.3142649006623569
transit_count1000,928,6.149620873,6.251896813353566,Kanata Lakes - Arcardia, ,0.10227594035356624,0.016631259465540428
transit_count1000,929,8.177670655,9.234828496042217,Katimavik - Hazeldean, ,1.0571578410422173,0.12927371199472906
transit_count1000,930,0,0,Kinburn, ,0,NA
transit_count1000,931,6.309474555,9.400826446280993,Laurentian, ,3.0913518912809925,0.4899539358362611
transit_count1000,932,3.570897188,4.4493882091212456,Ledbury - Heron Gate - Ridgemont, ,0.8784910211212456,0.24601408970087815
transit_count1000,933,5.342491891,6.517311608961304,Lindenlea - New Edinburgh, ,1.174819717961304,0.2199010764883731
transit_count1000,934,4.347126067,5.9629331184528604,Lowertown,Basse-ville,1.6158070514528609,0.3716954665103484
transit_count1000,935,5.261660978,7.576840600428878,Manor Park, ,2.315179622428878,0.44000927313809873
transit_count1000,936,15.85623679,24.125452352231605,Navan - Sarsfield, ,8.269215562231604,0.5215118613419498
transit_count1000,937,4.533197858,5.1809373146134075,Old Barrhaven East,Old Barrhaven Est,0.6477394566134071,0.1428879737667535
transit_count1000,938,5.835363435,6.11961057023644,Old Barrhaven West,Old Barrhaven Ouest,0.2842471352364404,0.048711128004735905
transit_count1000,939,6.863140896,8.100289296046286,Orléans Village - Chateauneuf, ,1.2371484000462862,0.18025979923672053
transit_count1000,940,6.993006993,8.250652741514362,Overbrook - McArthur, ,1.2576457485143617,0.17984334203773358
transit_count1000,941,5.325893989,6.185567010309278,Parkwood Hills - Stewart Farm, ,0.8596730213092778,0.16141384396400493
transit_count1000,942,5.028801317,5.9474712394182765,Portobello South, ,0.9186699224182764,0.1826816898318666
transit_count1000,943,8.402707539,10.784313725490195,Queenswood Heights, ,2.3816061864901954,0.2834331881047033
transit_count1000,944,8.754208754,11.41340411413404,Richmond, ,2.6591953601340403,0.3037619315302474
transit_count1000,945,3.602305476,3.9391845196959228,Rideau Crest - Davidson Heights, ,0.3368790436959226,0.09351762251712008
transit_count1000,946,4.029936672,4.279600570613409,Riverside South - Leitrim,Riverside Sud - Leitrim,0.24966389861340943,0.06195231313386987
transit_count1000,947,5.450795522,7.101568951279934,Riverview, ,1.6507734292799343,0.30285000099842935
transit_count1000,948,3.623188406,11,Rockcliffe Park,Parc Rockcliffe,7.376811593999999,2.0359999998299836
transit_count1000,949,5.050505051,6.358885017421603,Sandy Hill,Côte-de-Sable,1.3083799664216027,0.25905923332608954
transit_count1000,950,5.203493774,11.338962605548854,Skyline - Fisher Heights, ,6.135468831548854,1.1791056351802707
transit_count1000,951,6.515086703,6.465997770345597,Stittsville, ,-0.04908893265440284,-0.007534655314993564
transit_count1000,952,3.82183309,3.9109506618531893,Stonebridge - Half Moon Bay - Heart's Desire, ,0.08911757185318914,0.02331801775602637
transit_count1000,953,5.366161616,6.976744186046512,Vanier North,Vanier Nord,1.6105825700465113,0.30013679894476575
transit_count1000,954,5.012531328,9.63302752293578,Vanier South,Vanier Sud,4.620496194935781,0.9217889909486828
transit_count1000,955,6.243496358,7.086614173228346,Vars, ,0.8431178152283465,0.1350393700715516
transit_count1000,956,30.05464481,117.6470588235294,Wateridge Village,Village des Riverains,87.5924140135294,2.914438502510102
transit_count1000,957,5.278884462,7.716701902748414,West Centretown,Centre-Ville Ouest,2.4378174407484146,0.4618054170908684
transit_count1000,958,6.715753702,8.47902097902098,Westboro, ,1.7632672770209803,0.2625568707940952
transit_countsqkm,0,2.084005628,2.0750804433321415,Ottawa,Ottawa,-0.00892518466785841,-0.004282706604983511
transit_countsqkm,3,22.84901268,29.569310532659603,Beacon Hill South - Cardinal Heights,Beacon Hill Sud - Cardinal Heights,6.720297852659602,0.29411764730394474
transit_countsqkm,5,9.017932059,27.053796189658275,Beechwood Cemetery,Cimetière Beechwood,18.035864130658275,2.0000000014036785
transit_countsqkm,6,11.62444972,13.412826606202678,Bells Corners East,Bells Corners Est,1.7883768862026788,0.1538461543797429
transit_countsqkm,7,25.53440294,30.641283521752946,Bells Corners West,Bells Corners Ouest,5.106880581752947,0.19999999975534757
transit_countsqkm,11,16.53480093,22.046401248951017,Braemar Park - Bel Air Heights - Copeland Park,Parc Braemar - Hauteurs Bel Air - Parc Copeland,5.511600318951018,0.3333333338746775
transit_countsqkm,12,8.410303692,15.243675442555924,Briar Green - Leslie Park,Briar Green - Parc Leslie,6.833371750555925,0.8125000000958259
transit_countsqkm,13,15.8219078,17.050793837111307,Bridlewood - Emerald Meadows, ,1.228886037111307,0.0776699025582305
transit_countsqkm,16,14.99992569,20.15615013572427,Carleton Heights - Rideauview,Hauteurs Carleton - Rideauview,5.156224445724272,0.34374999931911476
transit_countsqkm,17,9.870036953,13.160049276444644,Carleton University,Université Carleton,3.2900123234446443,0.3333333339187392
transit_countsqkm,18,30.58718896,35.0094331498819,Carlington, ,4.422244189881901,0.1445783133476252
transit_countsqkm,23,19.84022451,23.619314891075923,Centrepointe, ,3.7790903810759247,0.19047619038641236
transit_countsqkm,24,30.45071231,28.958030328656896,Centretown,Centre-Ville,-1.4926819813431038,-0.04901960801924846
transit_countsqkm,28,12.65199981,17.446441848713047,Civic Hospital-Central Park,Hôpital Civique - Parc Central,4.794442038713047,0.37894736885180585
transit_countsqkm,29,0,0,Constance Bay,Baie Constance,0,NA
transit_countsqkm,30,0,0,Corkery, ,0,NA
transit_countsqkm,31,12.90608101,18.473410078306532,Cityview - Crestview - Meadowlands, ,5.567329068306533,0.43137254942013825
transit_countsqkm,32,8.158562189,9.427671863898556,Crystal Bay - Lakeview Park,Baie Crystal - Parc Lakeview,1.2691096748985569,0.15555555568475876
transit_countsqkm,35,0.031535425,0.031535424814109744,Dunrobin, ,-1.8589025457815822e-10,-5.894648782382296e-9
transit_countsqkm,38,11.58653943,16.000459215386442,Emerald Woods - Sawmill Creek, ,4.413919785386442,0.3809523811706773
transit_countsqkm,45,19.78370774,27.60517359269108,Greenboro East,Greenboro Est,7.82146585269108,0.39534883731006226
transit_countsqkm,46,22.46070504,31.09943774134362,Hawthorne Meadows - Sheffield Glen, ,8.63873270134362,0.3846153843327271
transit_countsqkm,47,21.27850624,27.825738924609524,Hintonburg - Mechanicsville, ,6.547232684609526,0.30769230747512877
transit_countsqkm,48,3.202204543,4.247822352890524,Hunt Club - Ottawa Airport,Hunt Club - Aéroport d'Ottawa,1.045617809890524,0.3265306122234566
transit_countsqkm,49,18.39439652,21.89809109636203,Hunt Club East - Western Community,Hunt Club Est - Communauté de l'Ouest,3.5036945763620295,0.19047619053729245
transit_countsqkm,50,17.57796286,20.873830888386006,Hunt Club Park,Parc Hunt Club,3.295868028386007,0.18749999955262206
transit_countsqkm,51,15.0757394,19.008540983181256,Hunt Club South Industrial,Hunt Club Sud Industriel,3.9328015831812557,0.2608695652553702
transit_countsqkm,52,8.023372102,9.857285724417597,Hunt Club Upper -Blossom Park - Timbermill,Hunt Club Supérieur - Parc Blossom - Timbermill,1.8339136224175974,0.22857142845966905
transit_countsqkm,54,18.09579086,27.83967824547993,Iris - Queensway Terrance South,Iris - Queensway Terrance Sud,9.74388738547993,0.5384615384242968
transit_countsqkm,55,20.39653086,22.796122735142266,Island Park - Wellington Village,Island Park - Village Wellington,2.399591875142267,0.11764705927752399
transit_countsqkm,60,17.23884478,25.283639016608905,Lebreton Development,Développement Lebreton,8.044794236608904,0.4666666670113671
transit_countsqkm,64,1.161587638,1.2299163222740392,Manotick, ,0.06832868427403915,0.058823529141276164
transit_countsqkm,65,11.701685640000001,13.395350668000326,Merivale Gardens - Grenfell Glen - Pineglen - Country Place,Merivale Gardens - Grenfell Glen - Pineglen - Country Place,1.693665028000325,0.14473684220424202
transit_countsqkm,66,0.0857912,0.08579119985357272,Metcalfe, ,-1.4642727308444847e-10,-1.7067866294497393e-9
transit_countsqkm,67,0.161471703,0.16147170336621716,Munster - Ashton, ,3.6621716770213197e-10,2.2679959454080445e-9
transit_countsqkm,70,0.123762659,0.13751406518783166,North Gower - Kars, ,0.01375140618783166,0.11111110813990883
transit_countsqkm,71,4.878879036,39.03103237363603,Notre-Dame Cemetery,Cimetière Notre-Dame,34.15215333763603,7.000000017552399
transit_countsqkm,75,6.922399676,8.427269170792762,Chapel Hill South,Chapel Hill Sud,1.5048694947927617,0.21739130434929277
transit_countsqkm,76,7.366994472,8.156315309310433,Chatelaine Village,Village Chatelaine,0.7893208373104326,0.10714285728195298
transit_countsqkm,77,32.3559227,47.58223926760991,Orléans Industrial,Orléans Industriel,15.226316567609906,0.4705882353838701
transit_countsqkm,81,0.022077281,0.029436374532277813,Osgoode - Vernon, ,0.007359093532277813,0.333333327246132
transit_countsqkm,82,21.538206979999998,21.53820698103513,Old Ottawa East,Vieil Ottawa-Est,1.0351328683100292e-9,4.806030832887972e-11
transit_countsqkm,83,21.46824287,24.238338737171695,Old Ottawa South,Vieil Ottawa-Sud,2.770095867171694,0.12903225866904375
transit_countsqkm,85,0,0,Marlborough, ,0,NA
transit_countsqkm,86,12.65464209,20.35746770239469,Pineview, ,7.70282561239469,0.6086956515729234
transit_countsqkm,87,15.00077475,19.839734354899385,Playfair Park - Lynda Park - Guildwood Estates,Parc Playfair - Parc Lynda - Domaines Guildwood,4.838959604899385,0.32258064570294176
transit_countsqkm,88,19.56823828,26.090984374171423,Qualicum - Redwood Park,Qualicum - Parc Redwood,6.522746094171424,0.3333333333761625
transit_countsqkm,90,14.91031979,18.327268080313424,Riverside Park,Parc Riverside,3.4169482903134227,0.22916666700905297
transit_countsqkm,93,14.4597674,16.813683025418115,Rothwell Heights - Beacon Hill North,Rothwell Heights - Beacon Hill Nord,2.3539156254181144,0.1627906978239577
transit_countsqkm,97,16.70602111,23.010180017902243,South Keys - Greenboro West,South Keys - Greenboro Ouest,6.304158907902245,0.3773584904743512
transit_countsqkm,99,13.23368984,18.70969942437552,Tanglewood, ,5.476009584375518,0.41379310310143386
transit_countsqkm,100,16.17909616,19.06822047408732,Trend-Arlington, ,2.8891243140873186,0.1785714285591661
transit_countsqkm,106,23.80649485,29.75811856338983,Whitehaven - Queensway Terrace North,Whitehaven - Terrasse Queensway Nord,5.951623713389829,0.25000000003737755
transit_countsqkm,108,15.81474157,18.605578314815446,Woodvale - Craig Henry - Manordale - Estates of Arlington Woods,Woodvale - Craig Henry - Manordale - Domaines des Bois d'Arlington,2.7908367448154454,0.17647058805624513
transit_countsqkm,901,20.52325062,25.498584091922584,Bayshore - Belltown, ,4.9753334719225855,0.24242424185348596
transit_countsqkm,902,16.90623151,17.610657825849696,Beaverbrook, ,0.7044263158496946,0.041666666840154645
transit_countsqkm,903,19.97966981,22.718818086107493,Billings Bridge - Alta Vista, ,2.7391482761074926,0.13709677397854317
transit_countsqkm,904,18.95380946,20.984574762352718,Blackburn Hamlet, ,2.0307653023527195,0.10714285730467187
transit_countsqkm,905,17.03880573,25.170963010502724,Borden Farm - Fisher Glen, ,8.132157280502724,0.4772727272888934
transit_countsqkm,906,21.29875199,26.50511359441128,Britannia Village, ,5.206361604411281,0.24444444476632837
transit_countsqkm,907,12.28549956,12.815046958578495,Brookside - Briarbrook - Morgan's Grant, ,0.5295473985784955,0.04310344858117398
transit_countsqkm,908,25.72426265,31.351445111943416,Byward Market,Marché By,5.627182461943416,0.2187500002820651
transit_countsqkm,909,7.875857389,10.396131753363337,Cardinal Creek, ,2.5202743643633365,0.3199999999851872
transit_countsqkm,910,19.84672212,29.601890614895332,Carlingwood West - Glabar Park - McKellar Heights, ,9.755168494895333,0.4915254234886891
transit_countsqkm,911,0.061482413,0.08383965470188831,Carp, ,0.02235724170188831,0.3636363735738269
transit_countsqkm,912,17.27048727,19.9619917755284,Carson Grove - Carson Meadows, ,2.6915045055283997,0.15584415560779946
transit_countsqkm,913,14.24768263,18.996910173140325,Chapel Hill North, ,4.749227543140325,0.3333333333197867
transit_countsqkm,914,12.11206295,15.690627006613555,Chapman Mills, ,3.578564056613555,0.2954545457191134
transit_countsqkm,915,20.76388545,23.216312868598898,Convent Glen - Orléans Woods, ,2.452427418598898,0.11811023637673256
transit_countsqkm,916,1.119348627,1.1927485365637434,Cumberland, ,0.07339990956374343,0.06557377013135286
transit_countsqkm,917,14.11582128,17.491343760286473,East Industrial,Industriel-Est,3.375522480286472,0.23913043480290308
transit_countsqkm,918,0.173888852,0.19787352102622172,Edwards - Carlsbad Springs, ,0.023984669026221705,0.13793103324543027
transit_countsqkm,919,14.98684898,21.231369383132982,Elmvale - Canterbury, ,6.244520403132983,0.4166666663196724
transit_countsqkm,920,24.19188609,29.275688239135214,Fallingbrook, ,5.083802149135213,0.21014492752744326
transit_countsqkm,921,4.319005712,4.62750612039204,Findlay Creek, ,0.30850040839203974,0.07142857151934226
transit_countsqkm,922,0,0,Fitzroy, ,0,NA
transit_countsqkm,923,19.08057452,22.016047514646264,Glebe - Dows Lake,Glebe – Lac Dows,2.9354729946462648,0.15384615340430877
transit_countsqkm,924,16.33099065,20.74477190666683,Glen Cairn - Kanata South Business Park,Glen Cairn - Parc d'Affaires Kanata-Sud,4.41378125666683,0.27027027026476375
transit_countsqkm,925,0.258952104,0.3021107876076988,Greely, ,0.04315868360769881,0.1666666651517101
transit_countsqkm,926,0.753092719,1.2832699930744749,Greenbelt,Ceinture de Verdure,0.5301772740744749,0.7039999998651891
transit_countsqkm,927,9.723234675,13.029134463909783,Hunt Club Woods - Quintarra - Revelstoke,Hunt Club Woods - Quintarra - Revelstoke,3.305899788909782,0.3399999999392982
transit_countsqkm,928,8.59620112,8.596201122900721,Kanata Lakes - Arcardia, ,2.9007214408238724e-9,3.374422492367038e-10
transit_countsqkm,929,17.21621265,19.02844556129121,Katimavik - Hazeldean, ,1.8122329112912112,0.10526315793916563
transit_countsqkm,930,0,0,Kinburn, ,0,NA
transit_countsqkm,931,22.32017659,33.29731261766081,Laurentian, ,10.977136027660809,0.4918032786792037
transit_countsqkm,932,17.89059645,22.36324556104093,Ledbury - Heron Gate - Ridgemont, ,4.47264911104093,0.24999999991844485
transit_countsqkm,933,16.46602974,18.818319692792954,Lindenlea - New Edinburgh, ,2.3522899527929546,0.1428571422459337
transit_countsqkm,934,34.05712685,46.670877506646164,Lowertown,Basse-ville,12.613750656646161,0.3703703695323952
transit_countsqkm,935,19.86303958,28.45179299978527,Manor Park, ,8.58875341978527,0.43239874668694944
transit_countsqkm,936,0.8095771,0.89953011101666,Navan - Sarsfield, ,0.08995301101665998,0.11111111099444386
transit_countsqkm,937,18.82649975,21.260960927122927,Old Barrhaven East,Old Barrhaven Est,2.4344611771229268,0.12931034496324398
transit_countsqkm,938,20.18704767,21.558982942734175,Old Barrhaven West,Old Barrhaven Ouest,1.3719352727341771,0.06796116476075956
transit_countsqkm,939,20.80766325,25.703584013967426,Orléans Village - Chateauneuf, ,4.895920763967425,0.23529411761156913
transit_countsqkm,940,22.29917446,25.906393855540657,Overbrook - McArthur, ,3.607219395540657,0.16176470577470234
transit_countsqkm,941,41.248194,64.81859057046368,Parkwood Hills - Stewart Farm, ,23.570396570463686,0.5714285714051792
transit_countsqkm,942,13.89329425,17.30346647594949,Portobello South, ,3.4101722259494913,0.24545454552288715
transit_countsqkm,943,24.52114967,29.970294043949522,Queenswood Heights, ,5.4491443739495224,0.2222222223379758
transit_countsqkm,944,0.462001378,0.5093861349069659,Richmond, ,0.04738475690696592,0.10256410297322949
transit_countsqkm,945,10.43323421,11.893886999454402,Rideau Crest - Davidson Heights, ,1.460652789454402,0.1400000000052143
transit_countsqkm,946,2.289061626,2.452566028191079,Riverside South - Leitrim,Riverside Sud - Leitrim,0.16350440219107876,0.07142857157445474
transit_countsqkm,947,20.48939382,23.811998226858936,Riverview, ,3.322604406858936,0.1621621623386287
transit_countsqkm,948,3.11594344,9.789850386317777,Rockcliffe Park,Parc Rockcliffe,6.673906946317777,2.1418575384403566
transit_countsqkm,949,29.52410684,33.67593437530073,Sandy Hill,Côte-de-Sable,4.1518275353007255,0.14062500037006115
transit_countsqkm,950,14.50218036,24.34294560964972,Skyline - Fisher Heights, ,9.84076524964972,0.6785714289413044
transit_countsqkm,951,6.5997452150000004,6.766405447328904,Stittsville, ,0.16666023232890392,0.025252525195990298
transit_countsqkm,952,3.786039577,4.4744104076977855,Stonebridge - Half Moon Bay - Heart's Desire, ,0.6883708306977856,0.1818181814262069
transit_countsqkm,953,29.94460016,42.27472961929898,Vanier North,Vanier Nord,12.33012945929898,0.41176470526961884
transit_countsqkm,954,25.54191243,47.32766126087365,Vanier South,Vanier Sud,21.785748830873647,0.8529411762169152
transit_countsqkm,955,0.233490486,0.23349048571755943,Vars, ,-2.8244057093118613e-10,-1.2096448800538542e-9
transit_countsqkm,956,2.759531934,7.518796992481203,Wateridge Village,Village des Riverains,4.759265058481203,1.7246638822485187
transit_countsqkm,957,29.68501279,40.88690441454277,West Centretown,Centre-Ville Ouest,11.201891624542771,0.3773584907572065
transit_countsqkm,958,26.20025173,30.61957129876618,Westboro, ,4.419319568766177,0.16867469878947522
